{"cameraMode":{"drawMode":0,"name":"Shaded","section":"Shading Mode"},"sceneLighting":true,"audioPlay":false,"sceneViewState":{"m_AlwaysRefresh":false,"showFog":true,"showSkybox":false,"showFlares":true,"showImageEffects":true,"showParticleSystems":true,"showVisualEffectGraphs":true,"m_FxEnabled":true},"in2DMode":false,"pivot":{"x":0.3216263949871063,"y":-1.3159469366073609,"z":-0.17297448217868806},"rotation":{"x":-0.5582831501960754,"y":-0.032093893736600879,"z":0.021613990887999536,"w":-0.8287636637687683},"size":2.0335140228271486,"orthographic":false}